conId,symbol,secType,expiration,strike,right,exchange,currency,tradingClass,tickType,impliedVol,delta,optPrice,pvDividend,gamma,vega,theta,undPrice
757533150,ES,FOP,20250214,6020.0,C,CME,USD,EW2,10.0,0.15256860001700326,0.9990496220233197,122.75,0.0,7.462603499209397e-05,0.007717743352452284,-0.0,
757533150,ES,FOP,20250214,6020.0,C,CME,USD,EW2,11.0,0.2532622223492644,0.9705218868486315,123.5,0.0,0.0010146883365245948,0.1741958826157528,-0.5098161533251186,
757533150,ES,FOP,20250214,6020.0,C,CME,USD,EW2,12.0,,,,0.0,,,,
757533150,ES,FOP,20250214,6020.0,C,CME,USD,EW2,13.0,0.21855541755223118,0.9854166532486263,123.03270936810713,0.0,0.0006464571672664828,0.10647263524515438,-0.28270936810713465,
757533269,ES,FOP,20250214,6020.0,P,CME,USD,EW2,10.0,0.20765646280651062,-0.01065141909240595,0.20000000298023224,0.0,0.0005208498661025703,0.07331499557076779,-0.20000000298023224,
757533269,ES,FOP,20250214,6020.0,P,CME,USD,EW2,11.0,0.2242109317313349,-0.016452317023644233,0.3499999940395355,0.0,0.0007022679576182764,0.10673194912908276,-0.3499999940395355,
757533269,ES,FOP,20250214,6020.0,P,CME,USD,EW2,12.0,0.21490911878111255,-0.01303485055350379,0.30000001192092896,0.0,0.0005996581297308127,0.08735612741525813,-0.30000001192092896,
757533269,ES,FOP,20250214,6020.0,P,CME,USD,EW2,13.0,0.21855541755223118,-0.014504072448704814,0.29244028875905315,0.0,0.0006464571672664828,0.10647263524499806,-0.29244028875905315,
747767425,ES,FOP,20250214,6025.0,P,CME,USD,EW2,10.0,0.2115527882534891,-0.015089368042039152,0.30000001192092896,0.0,0.0006910790433072406,0.09910174024408111,-0.30000001192092896,
747767425,ES,FOP,20250214,6025.0,P,CME,USD,EW2,11.0,0.2206100634249494,-0.018803287839147188,0.4000000059604645,0.0,0.0007999169334919107,0.11962033484577894,-0.4000000059604645,
747767425,ES,FOP,20250214,6025.0,P,CME,USD,EW2,12.0,0.21196497206110393,-0.01524988213384922,0.3499999940395355,0.0,0.0006960340418530861,0.10000676585520152,-0.3499999940395355,
747767425,ES,FOP,20250214,6025.0,P,CME,USD,EW2,13.0,0.21406743377149007,-0.016279914201630583,0.3258972966204112,0.0,0.000728824048850942,0.11729083375229266,-0.3258972966204112,
747767580,ES,FOP,20250214,6025.0,C,CME,USD,EW2,10.0,0.14629372859129802,0.9990500105682568,117.75,0.0,7.779497401099003e-05,0.007714575838859102,-0.0,
747767580,ES,FOP,20250214,6025.0,C,CME,USD,EW2,11.0,0.24456296852399179,0.9696238447370292,118.5,0.0,0.0010773392653493413,0.17859857512804378,-0.5094171227019615,
747767580,ES,FOP,20250214,6025.0,C,CME,USD,EW2,12.0,,,,0.0,,,,
747767580,ES,FOP,20250214,6025.0,C,CME,USD,EW2,13.0,0.21406743377149007,0.9836408114957005,118.06656274748093,0.0,0.000728824048850942,0.11729083375212213,-0.31656274748092983,
757532742,ES,FOP,20250214,6030.0,C,CME,USD,EW2,10.0,0.1400234622043728,0.9990505083186212,112.75,0.0,8.12358879743254e-05,0.0077105178621048685,-0.0,
757532742,ES,FOP,20250214,6030.0,C,CME,USD,EW2,11.0,0.23582637008581236,0.968660832796448,113.5,0.0,0.0011465727734980395,0.18328578961530345,-0.5090180920788043,
757532742,ES,FOP,20250214,6030.0,C,CME,USD,EW2,12.0,,,,0.0,,,,
757532742,ES,FOP,20250214,6030.0,C,CME,USD,EW2,13.0,0.20972533921558972,0.981532229995986,113.10704485387487,0.0,0.0008254736905939486,0.12978613736049738,-0.35704485387486784,
757532865,ES,FOP,20250214,6030.0,P,CME,USD,EW2,10.0,0.20834416447384613,,,0.0,,,,
757532865,ES,FOP,20250214,6030.0,P,CME,USD,EW2,11.0,0.21641293216139157,,,0.0,,,,
757532865,ES,FOP,20250214,6030.0,P,CME,USD,EW2,12.0,0.2121206248100773,,,0.0,,,,
757532865,ES,FOP,20250214,6030.0,P,CME,USD,EW2,13.0,0.20972533921558972,-0.018388495701344987,0.3659830315015711,0.0,0.0008254736905939486,0.12978613736029843,-0.3659830315015711,
759513647,ES,FOP,20250214,6035.0,P,CME,USD,EW2,10.0,0.20443714633578053,-0.020109978901245693,0.4000000059604645,0.0,0.000913896409267115,0.12664603131610094,-0.4000000059604645,
759513647,ES,FOP,20250214,6035.0,P,CME,USD,EW2,11.0,0.20819804301117842,-0.021974145381501862,0.44999998807907104,0.0,0.0009672960811853713,0.1365120143508172,-0.44999998807907104,
759513647,ES,FOP,20250214,6035.0,P,CME,USD,EW2,12.0,0.2004375116534919,-0.018208223317074983,0.4000000059604645,0.0,0.0008566403773839508,0.11638910997165225,-0.4000000059604645,
759513647,ES,FOP,20250214,6035.0,P,CME,USD,EW2,13.0,0.20559950257802911,-0.020932464906561345,0.4150555906691693,0.0,0.0009399735681621001,0.1444041039190722,-0.4150555906691693,
759513885,ES,FOP,20250214,6035.0,C,CME,USD,EW2,10.0,0.13375881292855799,0.9990510597374954,107.75,0.0,8.499101974148294e-05,0.00770602209140443,-0.0,
759513885,ES,FOP,20250214,6035.0,C,CME,USD,EW2,11.0,0.23912233703023347,0.9603146909780541,108.75,0.0,0.0013730368998959384,0.22255489931972072,-0.7586190614565567,
759513885,ES,FOP,20250214,6035.0,C,CME,USD,EW2,12.0,,,,0.0,,,,
759513885,ES,FOP,20250214,6035.0,C,CME,USD,EW2,13.0,0.20728423164983917,0.9789882607907697,108.15651378455641,0.0,0.0009399735681621001,0.1444041039194417,-0.4065137845564095,
757532899,ES,FOP,20250214,6040.0,C,CME,USD,EW2,10.0,0.184108476408319,0.9849528379982706,103.0,0.0,0.0007885735635644225,0.09841262165992885,-0.008220030833399505,
757532899,ES,FOP,20250214,6040.0,C,CME,USD,EW2,11.0,0.23009556331744724,0.9588878813892092,103.75,0.0,0.0014685098967680116,0.229044530919502,-0.7582200308333995,
757532899,ES,FOP,20250214,6040.0,C,CME,USD,EW2,12.0,0.18850833956992002,0.9829368910453302,103.25,0.0,0.0008582839439341628,0.10967215066348819,-0.2582200308333995,
757532899,ES,FOP,20250214,6040.0,C,CME,USD,EW2,13.0,0.2034571124909217,0.9758812603470488,103.21799203329192,0.0,0.0010764872174903615,0.16165378869754932,-0.46799203329192096,
757533044,ES,FOP,20250214,6040.0,P,CME,USD,EW2,10.0,0.20345711248424259,,,0.0,,,,
757533044,ES,FOP,20250214,6040.0,P,CME,USD,EW2,11.0,0.2096802543901763,,,0.0,,,,
757533044,ES,FOP,20250214,6040.0,P,CME,USD,EW2,12.0,0.20334757614794383,,,0.0,,,,
757533044,ES,FOP,20250214,6040.0,P,CME,USD,EW2,13.0,0.2034571124909217,-0.02403946535028223,0.4761374678908794,0.0,0.0010764872174903615,0.1616537886978051,-0.4761374678908794,
759513688,ES,FOP,20250214,6045.0,C,CME,USD,EW2,10.0,0.17628182923269894,0.9841741536687455,98.0,0.0,0.0008602804078322348,0.10278909328050681,-0.25780104867953924,
759513688,ES,FOP,20250214,6045.0,C,CME,USD,EW2,11.0,0.2208899398217084,0.9570366651028872,98.75,0.0,0.0015854108279848064,0.23736528944172405,-1.0078010486795392,
759513688,ES,FOP,20250214,6045.0,C,CME,USD,EW2,12.0,,,90.75,0.0,,,,
759513688,ES,FOP,20250214,6045.0,C,CME,USD,EW2,13.0,0.19987682267318096,0.9711050924981304,98.32128710009238,0.0,0.0012649796786831336,0.18676114332902216,-0.5712871000923769,
747767325,ES,FOP,20250214,6050.0,P,CME,USD,EW2,10.0,0.19515002337387194,,,0.0,,,,
747767325,ES,FOP,20250214,6050.0,P,CME,USD,EW2,11.0,0.20020351976221656,,,0.0,,,,
747767325,ES,FOP,20250214,6050.0,P,CME,USD,EW2,12.0,0.19464926877411584,,,0.0,,,,
747767325,ES,FOP,20250214,6050.0,P,CME,USD,EW2,13.0,0.1965707310887606,-0.033549812940265156,0.6772614196553377,0.0,0.001458744463472557,0.2107844019464551,-0.6772614196553377,
747767474,ES,FOP,20250214,6050.0,C,CME,USD,EW2,10.0,0.168420909234244,,,0.0,,,,
747767474,ES,FOP,20250214,6050.0,C,CME,USD,EW2,11.0,0.22124048550665615,,,0.0,,,,
747767474,ES,FOP,20250214,6050.0,C,CME,USD,EW2,12.0,,,,0.0,,,,
747767474,ES,FOP,20250214,6050.0,C,CME,USD,EW2,13.0,0.1965707310887606,0.966370998085123,93.41991664226043,0.0,0.001458744463472557,0.21078440194651193,-0.6699166422604321,
759513793,ES,FOP,20250214,6055.0,C,CME,USD,EW2,10.0,0.17852610699199462,,,0.0,,,,
759513793,ES,FOP,20250214,6055.0,C,CME,USD,EW2,11.0,0.21163169985649807,,,0.0,,,,
759513793,ES,FOP,20250214,6055.0,C,CME,USD,EW2,12.0,,,,0.0,,,,
759513793,ES,FOP,20250214,6055.0,C,CME,USD,EW2,13.0,0.19353984125588555,0.9606155427526818,88.54252788504346,0.0,0.001686587076849389,0.23868595054227626,-0.7925278850434552,
759513945,ES,FOP,20250214,6055.0,P,CME,USD,EW2,10.0,0.19126079195020732,,,0.0,,,,
759513945,ES,FOP,20250214,6055.0,P,CME,USD,EW2,11.0,0.19793280783374115,,,0.0,,,,
759513945,ES,FOP,20250214,6055.0,P,CME,USD,EW2,12.0,0.18987281348347712,,,0.0,,,,
759513945,ES,FOP,20250214,6055.0,P,CME,USD,EW2,13.0,0.19353984125588555,-0.03930526827270627,0.7994767175659376,0.0,0.001686587076849389,0.23868595054221942,-0.7994767175659376,
757533279,ES,FOP,20250214,6060.0,C,CME,USD,EW2,10.0,0.1699416670623743,,,0.0,,,,
757533279,ES,FOP,20250214,6060.0,C,CME,USD,EW2,11.0,0.21006361182717262,,,0.0,,,,
757533279,ES,FOP,20250214,6060.0,C,CME,USD,EW2,12.0,,,,0.0,,,,
757533279,ES,FOP,20250214,6060.0,C,CME,USD,EW2,13.0,0.19073342220764392,0.9536772439448614,83.69373395541788,0.0,0.001951776106191009,0.2706893766517169,-0.9437339554178834,
759513933,ES,FOP,20250214,6065.0,C,CME,USD,EW2,10.0,0.17346207898229163,,,0.0,,,,
759513933,ES,FOP,20250214,6065.0,C,CME,USD,EW2,11.0,0.2000507921486974,,,0.0,,,,
759513933,ES,FOP,20250214,6065.0,C,CME,USD,EW2,12.0,,,,0.0,,,,
759513933,ES,FOP,20250214,6065.0,C,CME,USD,EW2,13.0,0.18801851600105665,0.9454608477871241,78.87639120551285,0.0,0.0022556413566840617,0.30661850337946817,-1.1263912055128458,
759514010,ES,FOP,20250214,6065.0,P,CME,USD,EW2,10.0,0.1850862936487425,,,0.0,,,,
759514010,ES,FOP,20250214,6065.0,P,CME,USD,EW2,11.0,0.19033037875883035,,,0.0,,,,
759514010,ES,FOP,20250214,6065.0,P,CME,USD,EW2,12.0,0.18456683357773002,,,0.0,,,,
759514010,ES,FOP,20250214,6065.0,P,CME,USD,EW2,13.0,0.18801851600105665,-0.05445996323826392,1.1325481482896294,0.0,0.0022556413566840617,0.30661850337827445,-1.1325481482896294,
757533039,ES,FOP,20250214,6070.0,C,CME,USD,EW2,10.0,0.1739510471469519,,,0.0,,,,
757533039,ES,FOP,20250214,6070.0,C,CME,USD,EW2,11.0,0.19692104140070885,,,0.0,,,,
757533039,ES,FOP,20250214,6070.0,C,CME,USD,EW2,12.0,,,,0.0,,,,
757533039,ES,FOP,20250214,6070.0,C,CME,USD,EW2,13.0,0.1851830245214079,0.9359739571831207,74.09004191158965,0.0,0.002597623699079018,0.3458359349242528,-1.3400419115896511,
757533264,ES,FOP,20250214,6070.0,P,CME,USD,EW2,10.0,0.18218656406038922,,,0.0,,,,
757533264,ES,FOP,20250214,6070.0,P,CME,USD,EW2,11.0,0.18682958475443076,,,0.0,,,,
757533264,ES,FOP,20250214,6070.0,P,CME,USD,EW2,12.0,0.180295653516146,,,0.0,,,,
757533264,ES,FOP,20250214,6070.0,P,CME,USD,EW2,13.0,0.1851830245214079,-0.0639468538422674,1.3458029094934432,0.0,0.002597623699079018,0.34583593492391174,-1.3458029094934432,
747767193,ES,FOP,20250214,6075.0,P,CME,USD,EW2,10.0,0.1796076927451967,,,0.0,,,,
747767193,ES,FOP,20250214,6075.0,P,CME,USD,EW2,11.0,0.18236440534794252,,,0.0,,,,
747767193,ES,FOP,20250214,6075.0,P,CME,USD,EW2,12.0,0.18176883802641117,,,0.0,,,,
747767193,ES,FOP,20250214,6075.0,P,CME,USD,EW2,13.0,0.1819943150341452,-0.07462070987818312,1.586390113022901,0.0,0.002976995182735599,0.3874645150543188,-1.586390113022901,
747767280,ES,FOP,20250214,6075.0,C,CME,USD,EW2,10.0,0.17244785069701515,,,0.0,,,,
747767280,ES,FOP,20250214,6075.0,C,CME,USD,EW2,11.0,0.1927645597294865,,,0.0,,,,
747767280,ES,FOP,20250214,6075.0,C,CME,USD,EW2,12.0,0.18263618394089126,,,0.0,,,,
747767280,ES,FOP,20250214,6075.0,C,CME,USD,EW2,13.0,0.1819943150341452,0.925300101147205,69.33102505999341,0.0,0.002976995182735599,0.3874645150544893,-1.581025059993408,
757532961,ES,FOP,20250214,6080.0,P,CME,USD,EW2,10.0,0.17705821667731966,,,0.0,,,,
757532961,ES,FOP,20250214,6080.0,P,CME,USD,EW2,11.0,0.1782855026407672,,,0.0,,,,
757532961,ES,FOP,20250214,6080.0,P,CME,USD,EW2,12.0,0.17428259372363109,,,0.0,,,,
757532961,ES,FOP,20250214,6080.0,P,CME,USD,EW2,13.0,0.1782855026407672,-0.08641850592830752,1.8500000252424798,0.0,0.0033953768104992253,0.43080202340831875,-1.8500000252424798,
757533017,ES,FOP,20250214,6080.0,C,CME,USD,EW2,10.0,0.16945924539109308,,,0.0,,,,
757533017,ES,FOP,20250214,6080.0,C,CME,USD,EW2,11.0,0.18771140920639837,,,0.0,,,,
757533017,ES,FOP,20250214,6080.0,C,CME,USD,EW2,12.0,0.178869440289589,,,0.0,,,,
757533017,ES,FOP,20250214,6080.0,C,CME,USD,EW2,13.0,0.1782855026407672,0.9135023050970806,64.59503091708575,0.0,0.0033953768104992253,0.43080202340843243,-1.8450309170857508,
759513544,ES,FOP,20250214,6085.0,P,CME,USD,EW2,10.0,0.17211860587864164,,,0.0,,,,
759513544,ES,FOP,20250214,6085.0,P,CME,USD,EW2,11.0,0.17433412648605448,,,0.0,,,,
759513544,ES,FOP,20250214,6085.0,P,CME,USD,EW2,12.0,0.16816419381229872,,,0.0,,,,
759513544,ES,FOP,20250214,6085.0,P,CME,USD,EW2,13.0,0.17399286093671695,-0.09938205707859873,2.134458920051202,0.0,0.0038580064906643396,0.47556169781557855,-2.134458920051202,
759513727,ES,FOP,20250214,6085.0,C,CME,USD,EW2,10.0,0.1652705371955306,,,0.0,,,,
759513727,ES,FOP,20250214,6085.0,C,CME,USD,EW2,11.0,0.18184802825104002,,,0.0,,,,
759513727,ES,FOP,20250214,6085.0,C,CME,USD,EW2,12.0,0.18372860239224093,,,0.0,,,,
759513727,ES,FOP,20250214,6085.0,C,CME,USD,EW2,13.0,0.17399286093671695,0.9005387539467894,59.87988575676809,0.0,0.0038580064906643396,0.47556169781546487,-2.1298857567680898,
757533005,ES,FOP,20250214,6090.0,P,CME,USD,EW2,10.0,0.16831493232237812,,,0.0,,,,
757533005,ES,FOP,20250214,6090.0,P,CME,USD,EW2,11.0,0.1712918742891045,,,0.0,,,,
757533005,ES,FOP,20250214,6090.0,P,CME,USD,EW2,12.0,0.16880045151821624,,,0.0,,,,
757533005,ES,FOP,20250214,6090.0,P,CME,USD,EW2,13.0,0.16919300807040508,-0.11496385374269254,2.488126521180334,0.0,0.004384158288337329,0.5253562737178754,-2.488126521180334,
757533189,ES,FOP,20250214,6090.0,C,CME,USD,EW2,10.0,0.1654371127464731,,,0.0,,,,
757533189,ES,FOP,20250214,6090.0,C,CME,USD,EW2,11.0,0.17999686157901332,,,0.0,,,,
757533189,ES,FOP,20250214,6090.0,C,CME,USD,EW2,12.0,0.1724096594048688,,,0.0,,,,
757533189,ES,FOP,20250214,6090.0,C,CME,USD,EW2,13.0,0.1701676882087919,0.8849570396974629,55.23395365014858,0.0,0.004384158288337329,0.5253562737179891,-2.483953650148578,
759513595,ES,FOP,20250214,6095.0,C,CME,USD,EW2,10.0,0.15884670961801728,,,0.0,,,,
759513595,ES,FOP,20250214,6095.0,C,CME,USD,EW2,11.0,0.17656124475884788,,,0.0,,,,
759513595,ES,FOP,20250214,6095.0,C,CME,USD,EW2,12.0,,,,0.0,,,,
759513595,ES,FOP,20250214,6095.0,C,CME,USD,EW2,13.0,0.16574077734238715,0.867599915226666,50.62388297188045,0.0,0.004967191157513385,0.5770584482870618,-2.873882971880448,
759513847,ES,FOP,20250214,6095.0,P,CME,USD,EW2,10.0,0.16433916140109717,,,0.0,,,,
759513847,ES,FOP,20250214,6095.0,P,CME,USD,EW2,11.0,0.1670333049324586,,,0.0,,,,
759513847,ES,FOP,20250214,6095.0,P,CME,USD,EW2,12.0,0.1635037551173317,,,0.0,,,,
759513847,ES,FOP,20250214,6095.0,P,CME,USD,EW2,13.0,0.16574077734238715,-0.13232097821348943,2.877660310113356,0.0,0.004967191157513385,0.577058448286266,-2.877660310113356,
747767241,ES,FOP,20250214,6100.0,C,CME,USD,EW2,10.0,0.15576461990592927,,,0.0,,,,
747767241,ES,FOP,20250214,6100.0,C,CME,USD,EW2,11.0,0.16399880923200938,,,0.0,,,,
747767241,ES,FOP,20250214,6100.0,C,CME,USD,EW2,12.0,0.15344921328398586,,,0.0,,,,
747767241,ES,FOP,20250214,6100.0,C,CME,USD,EW2,13.0,0.16090531511017853,0.8480519568809913,46.05895385346594,0.0,0.005616795909954129,0.6306554484590379,-3.308953853465937,
747767445,ES,FOP,20250214,6100.0,P,CME,USD,EW2,10.0,0.1598824545193873,,,0.0,,,,
747767445,ES,FOP,20250214,6100.0,P,CME,USD,EW2,11.0,0.16314050071055072,,,0.0,,,,
747767445,ES,FOP,20250214,6100.0,P,CME,USD,EW2,12.0,0.16236738837968137,,,0.0,,,,
747767445,ES,FOP,20250214,6100.0,P,CME,USD,EW2,13.0,0.16090531511017853,-0.15186893655916414,3.3123356588996558,0.0,0.005616795909954129,0.6306554484591516,-3.3123356588996558,
759513919,ES,FOP,20250214,6105.0,C,CME,USD,EW2,10.0,0.15497900818481689,,,0.0,,,,
759513919,ES,FOP,20250214,6105.0,C,CME,USD,EW2,11.0,0.1659253385093096,,,0.0,,,,
759513919,ES,FOP,20250214,6105.0,C,CME,USD,EW2,12.0,0.1564411082728645,,,0.0,,,,
759513919,ES,FOP,20250214,6105.0,C,CME,USD,EW2,13.0,0.1561004803294803,0.8252707621414297,41.57486190105101,0.0,0.0063403375446028564,0.6874722216643931,-3.8248619010510083,
759513967,ES,FOP,20250214,6105.0,P,CME,USD,EW2,10.0,0.15568412526677686,,,0.0,,,,
759513967,ES,FOP,20250214,6105.0,P,CME,USD,EW2,11.0,0.15865336444861589,,,0.0,,,,
759513967,ES,FOP,20250214,6105.0,P,CME,USD,EW2,12.0,0.15639476467182847,,,0.0,,,,
759513967,ES,FOP,20250214,6105.0,P,CME,USD,EW2,13.0,0.1561004803294803,-0.17465013129872578,3.8278481736847425,0.0,0.0063403375446028564,0.6874722216650753,-3.8278481736847425,
757533111,ES,FOP,20250214,6110.0,P,CME,USD,EW2,10.0,0.15145871819542003,,,0.0,,,,
757533111,ES,FOP,20250214,6110.0,P,CME,USD,EW2,11.0,0.15417739216894466,,,0.0,,,,
757533111,ES,FOP,20250214,6110.0,P,CME,USD,EW2,12.0,0.1528136870817412,,,0.0,,,,
757533111,ES,FOP,20250214,6110.0,P,CME,USD,EW2,13.0,0.15192726547069196,-0.20207722495799085,4.4842947055715285,0.0,0.00712821388459752,0.74856595374672,-4.4842947055715285,
757533249,ES,FOP,20250214,6110.0,C,CME,USD,EW2,10.0,0.14874159340670562,,,0.0,,,,
757533249,ES,FOP,20250214,6110.0,C,CME,USD,EW2,11.0,0.15889430180649403,,,0.0,,,,
757533249,ES,FOP,20250214,6110.0,C,CME,USD,EW2,12.0,0.1532596685550282,,,0.0,,,,
757533249,ES,FOP,20250214,6110.0,C,CME,USD,EW2,13.0,0.15192726547069196,0.7978436684821646,37.231703965736415,0.0,0.00712821388459752,0.7485659537469473,-4.481703965736415,
759513803,ES,FOP,20250214,6115.0,P,CME,USD,EW2,10.0,0.14760316351269567,,,0.0,,,,
759513803,ES,FOP,20250214,6115.0,P,CME,USD,EW2,11.0,0.15072549111382788,,,0.0,,,,
759513803,ES,FOP,20250214,6115.0,P,CME,USD,EW2,12.0,0.1498453056708093,,,0.0,,,,
759513803,ES,FOP,20250214,6115.0,P,CME,USD,EW2,13.0,0.14846691443958576,-0.23471454359465044,5.318889105985363,0.0,0.007951832493804715,0.81198236112823,-5.318889105985363,
757532820,ES,FOP,20250214,6120.0,P,CME,USD,EW2,10.0,0.14319892606151463,-0.2692424995060776,6.199999809265137,0.0,0.008865539740701442,0.858664231301513,-6.199999809265137,
757532820,ES,FOP,20250214,6120.0,P,CME,USD,EW2,11.0,0.14552063459093134,-0.2724596797259227,6.400000095367432,0.0,0.008775964694831575,0.8637695255393067,-6.400000095367432,
757532820,ES,FOP,20250214,6120.0,P,CME,USD,EW2,12.0,0.1433940024044696,-0.2695161002521179,6.25,0.0,0.008857988151558438,0.8591015692255737,-6.25,
757532820,ES,FOP,20250214,6120.0,P,CME,USD,EW2,13.0,0.144797667751512,-0.2714998572879681,6.287594381958343,0.0,0.008802874787398107,0.8726814448264122,-6.287594381958343,
757532854,ES,FOP,20250214,6120.0,C,CME,USD,EW2,10.0,0.14146943285025193,0.7331304275101552,28.75,0.0,0.008932675978770175,0.8547175542387071,-6.001811743181861,
757532854,ES,FOP,20250214,6120.0,C,CME,USD,EW2,11.0,0.15014534871371163,0.7212981381339497,29.5,0.0,0.008599724055889062,0.873322861922677,-6.751811743181861,
757532854,ES,FOP,20250214,6120.0,C,CME,USD,EW2,12.0,0.12835329888632988,0.7534297870748634,28.5,0.0,0.009447910820110282,0.8202028062407147,-5.751811743181861,
757532854,ES,FOP,20250214,6120.0,C,CME,USD,EW2,13.0,0.144797667751512,0.7284210361521873,29.035794707722744,0.0,0.008802874787398107,0.8726814448255027,-6.285794707722744,
747767187,ES,FOP,20250214,6125.0,P,CME,USD,EW2,10.0,0.1391736179436389,-0.31060785830061716,7.300000190734863,0.0,0.009754952339790058,0.9182490749475605,-7.300000190734863,
747767187,ES,FOP,20250214,6125.0,P,CME,USD,EW2,11.0,0.1413471920689892,-0.3132629959133206,7.5,0.0,0.009640358969307507,0.9216347077356356,-7.5,
747767187,ES,FOP,20250214,6125.0,P,CME,USD,EW2,12.0,0.1387645254978835,-0.31009989138968097,7.300000190734863,0.0,0.009776746673950065,0.9175954419838303,-7.300000190734863,
747767187,ES,FOP,20250214,6125.0,P,CME,USD,EW2,13.0,0.14133506220991882,-0.31327649262333024,7.448881662304984,0.0,0.009639785913447291,0.9289600227989467,-7.448881662304984,
747767235,ES,FOP,20250214,6125.0,C,CME,USD,EW2,10.0,0.13918890610439172,0.6892935726868721,24.75,0.0,0.009754139258082386,0.918273399131601,-7.0014135578667265,
747767235,ES,FOP,20250214,6125.0,C,CME,USD,EW2,11.0,0.14460823845033738,0.6828073454607195,25.5,0.0,0.009472214239191569,0.9264521176484972,-7.7514135578667265,
747767235,ES,FOP,20250214,6125.0,C,CME,USD,EW2,12.0,0.132630145604185,0.6977673291235212,25.25,0.0,0.010112176667087521,0.9071212175625,-7.5014135578667265,
747767235,ES,FOP,20250214,6125.0,C,CME,USD,EW2,13.0,0.14133506220991882,0.6866444008168252,25.197477520867324,0.0,0.009639785913447291,0.928960022798492,-7.447477520867324,
757533100,ES,FOP,20250214,6130.0,C,CME,USD,EW2,10.0,0.13466990730179731,0.6432399818973854,21.25,0.0,0.010646951407251358,0.9697823227143942,-8.501015372552502,
757533100,ES,FOP,20250214,6130.0,C,CME,USD,EW2,11.0,0.13981218654188463,0.6382705834312842,21.75,0.0,0.0103046426965776,0.9744429003673075,-9.001015372552502,
757533100,ES,FOP,20250214,6130.0,C,CME,USD,EW2,12.0,0.13618475329002272,0.6417392705112601,22.0,0.0,0.01054399720219964,0.9712078874370424,-9.251015372552502,
757533100,ES,FOP,20250214,6130.0,C,CME,USD,EW2,13.0,0.13610889570496826,0.6417920957430541,21.389674562350137,0.0,0.010547609616708604,0.9756462546542934,-8.639674562350137,
757533238,ES,FOP,20250214,6130.0,P,CME,USD,EW2,10.0,0.1346595087942848,-0.3566699696633763,8.550000190734863,0.0,0.010647664382533862,0.9697723778414029,-8.550000190734863,
757533238,ES,FOP,20250214,6130.0,P,CME,USD,EW2,11.0,0.13723375299964696,-0.3592019874351991,8.800000190734863,0.0,0.010473751419466056,0.9721686969188721,-8.800000190734863,
757533238,ES,FOP,20250214,6130.0,P,CME,USD,EW2,12.0,0.1351357091112669,-0.3571452115261861,8.300000190734863,0.0,0.010615101576137025,0.9702255552844358,-8.300000190734863,
757533238,ES,FOP,20250214,6130.0,P,CME,USD,EW2,13.0,0.13610889570496826,-0.3581287976971014,8.640683170988723,0.0,0.010547609616708604,0.9756462546542934,-8.640683170988723,
759513602,ES,FOP,20250214,6135.0,P,CME,USD,EW2,10.0,0.13040876547895863,-0.4084636671997383,10.0,0.0,0.011451189502668999,1.0100335870049164,-10.0,
759513602,ES,FOP,20250214,6135.0,P,CME,USD,EW2,11.0,0.13535354065945765,-0.4116702008102328,10.5,0.0,0.011053555428337558,1.0119290054957601,-10.46624832692979,
759513602,ES,FOP,20250214,6135.0,P,CME,USD,EW2,12.0,0.13130563718108168,-0.4090629590143749,10.25,0.0,0.011377020847982167,1.0103930628678943,-10.13784188523369,
759513602,ES,FOP,20250214,6135.0,P,CME,USD,EW2,13.0,0.13071020832950406,-0.4086805767226448,10.030453711168775,0.0,0.011424385439757994,1.0121948356945722,-10.030453711168775,
759513728,ES,FOP,20250214,6135.0,C,CME,USD,EW2,10.0,0.13041483430762776,0.5914526132136697,17.75,0.0,0.011450684478294178,1.0100360439781808,-10.000617187237367,
759513728,ES,FOP,20250214,6135.0,C,CME,USD,EW2,11.0,0.13535959812417087,0.5882463760134155,18.25,0.0,0.011053084773059793,1.0119312028653296,-10.465796126347204,
759513728,ES,FOP,20250214,6135.0,C,CME,USD,EW2,12.0,0.12970272271917868,0.5919342242311418,18.0,0.0,0.011510239805987603,1.0097454273260476,-10.006725975405097,
759513728,ES,FOP,20250214,6135.0,C,CME,USD,EW2,13.0,0.13071020832950406,0.5912403167175106,17.779840635329492,0.0,0.011424385439757994,1.0121948356945722,-10.029840635329492,
757532840,ES,FOP,20250214,6140.0,P,CME,USD,EW2,10.0,0.12607633889637607,-0.4654741719472582,11.75,0.0,0.012120645068537361,1.0335649023288076,-9.957111361194848,
757532840,ES,FOP,20250214,6140.0,P,CME,USD,EW2,11.0,0.1309125221220755,-0.46666525854958074,12.25,0.0,0.011675858772231169,1.0338283884934052,-10.341687960417643,
757532840,ES,FOP,20250214,6140.0,P,CME,USD,EW2,12.0,0.12842307364189642,-0.46606368958975797,12.0,0.0,0.011900673600237057,1.0336964726635811,-10.143737451352834,
757532840,ES,FOP,20250214,6140.0,P,CME,USD,EW2,13.0,0.12652603667136428,-0.4655965468313968,11.79734306567343,0.0,0.012075123346012923,1.0334807029580588,-11.79734306567343,
757532951,ES,FOP,20250214,6140.0,C,CME,USD,EW2,10.0,0.1261453746711897,0.5344285261486638,14.5,0.0,0.012114058380118857,1.0335688778728687,-9.962267106606975,
757532951,ES,FOP,20250214,6140.0,C,CME,USD,EW2,11.0,0.13098412479646154,0.533238150759661,15.0,0.0,0.011669517722787643,1.0338320718881804,-10.347046415518836,
757532951,ES,FOP,20250214,6140.0,C,CME,USD,EW2,12.0,0.12631281395815624,0.53438576443006,14.75,0.0,0.012098112625376438,1.0335784931162606,-9.975583594485714,
757532951,ES,FOP,20250214,6140.0,C,CME,USD,EW2,13.0,0.12660148763552162,0.5343244305440689,14.54712575345593,0.0,0.012075123346012923,1.0334807029580588,-11.79712575345593,
759513892,ES,FOP,20250214,6145.0,P,CME,USD,EW2,10.0,0.121408376246216,-0.5273345857476062,13.75,0.0,0.012604146437288941,1.03500040888308,-9.601472383580782,
759513892,ES,FOP,20250214,6145.0,P,CME,USD,EW2,11.0,0.12624058425843543,-0.5262084356195149,14.25,0.0,0.012123994980822653,1.0351974037042744,-9.985529512611556,
759513892,ES,FOP,20250214,6145.0,P,CME,USD,EW2,12.0,0.12369002378718051,-0.5267923042769237,14.0,0.0,0.01237279035232399,1.0350963033662515,-9.782823616526017,
759513892,ES,FOP,20250214,6145.0,P,CME,USD,EW2,13.0,0.12436681459761689,-0.5266459938620879,14.056105357315573,0.0,0.012310284537662084,1.0349329195482824,-11.806105357315573,
759513972,ES,FOP,20250214,6145.0,C,CME,USD,EW2,10.0,0.12382287701926241,0.47315904165212425,11.75,0.0,0.012359579946540859,1.0351017242205465,-9.793656487923197,
759513972,ES,FOP,20250214,6145.0,C,CME,USD,EW2,11.0,0.12865463794258944,0.47424405636343075,12.25,0.0,0.011897539001142352,1.0352876049896842,-10.177642732743559,
759513972,ES,FOP,20250214,6145.0,C,CME,USD,EW2,12.0,0.12187514273677019,0.4726983033449722,12.25,0.0,0.012556117451439988,1.0350204654787385,-9.638847420994447,
759513972,ES,FOP,20250214,6145.0,C,CME,USD,EW2,13.0,0.12436681459761689,0.4732749835133778,11.80628315822014,0.0,0.012310284537662084,1.0349329195482824,-11.80628315822014,
747767359,ES,FOP,20250214,6150.0,P,CME,USD,EW2,10.0,0.11840393319043604,-0.5919929020090864,16.25,0.0,0.012608170138219594,1.009709913454726,-9.000577368706217,
747767359,ES,FOP,20250214,6150.0,P,CME,USD,EW2,11.0,0.123352287230221,-0.5882833990750039,16.75,0.0,0.012128752303173354,1.0119097114545041,-9.500577368706217,
747767359,ES,FOP,20250214,6150.0,P,CME,USD,EW2,12.0,0.1206339267028852,-0.590284947921542,16.5,0.0,0.01238765394600817,1.0107341965825245,-9.250577368706217,
747767359,ES,FOP,20250214,6150.0,P,CME,USD,EW2,13.0,0.1208980714245234,-0.5901202377294212,16.501880956863715,0.0,0.01236632854759177,1.0125107794351607,-9.251880956863715,
747767373,ES,FOP,20250214,6150.0,C,CME,USD,EW2,10.0,0.12037890002853159,0.4125023340423034,9.25,0.0,0.012440575233147753,1.0119134014947588,-9.25,
747767373,ES,FOP,20250214,6150.0,C,CME,USD,EW2,11.0,0.1233466233046463,0.4146220891148299,9.5,0.0,0.012155687433641454,1.0131163034755941,-9.5,
747767373,ES,FOP,20250214,6150.0,C,CME,USD,EW2,12.0,0.11800889276578914,0.4107357709158694,9.149999618530273,0.0,0.012677563457037645,1.0108880058993475,-9.125379723992946,
747767373,ES,FOP,20250214,6150.0,C,CME,USD,EW2,13.0,0.1208980714245234,0.4098007396460445,9.252453870891713,0.0,0.01236632854759177,1.0125107794351607,-9.252453870891713,
759513768,ES,FOP,20250214,6155.0,C,CME,USD,EW2,10.0,0.117091711175843,0.3446951180087259,7.0,0.0,0.012100831722227546,0.9573231033780091,-7.0,
759513768,ES,FOP,20250214,6155.0,C,CME,USD,EW2,11.0,0.11969807524937394,0.34794563870285533,7.25,0.0,0.011878630377370223,0.9606621975967243,-7.25,
759513768,ES,FOP,20250214,6155.0,C,CME,USD,EW2,12.0,0.11332618570099597,0.3397586334680742,7.199999809265137,0.0,0.012434817484252979,0.9521093990605545,-7.199999809265137,
759513768,ES,FOP,20250214,6155.0,C,CME,USD,EW2,13.0,0.11730150869003265,0.34498628033711803,7.020091101032904,0.0,0.012081019853826128,0.9638630372542139,-7.020091101032904,
759513862,ES,FOP,20250214,6155.0,P,CME,USD,EW2,10.0,0.11448608050385824,-0.6555219685608865,19.0,0.0,0.012371748087065251,0.9570536209541542,-7.000954630342676,
759513862,ES,FOP,20250214,6155.0,P,CME,USD,EW2,11.0,0.12230573026366641,-0.645929790308585,19.75,0.0,0.011697650176562373,0.9667138697447822,-7.750954630342676,
759513862,ES,FOP,20250214,6155.0,P,CME,USD,EW2,12.0,0.20406222775104588,,,0.0,,,,
759513862,ES,FOP,20250214,6155.0,P,CME,USD,EW2,13.0,0.11730150869003265,-0.6549346970383476,19.26912307388193,0.0,0.012081019853826128,0.9638630372555781,-7.019123073881929,
757532719,ES,FOP,20250214,6160.0,P,CME,USD,EW2,10.0,0.11218496682686184,-0.7189114490473458,22.25,0.0,0.011563028558238713,0.8765138385508522,-5.251352392985609,
757532719,ES,FOP,20250214,6160.0,P,CME,USD,EW2,11.0,0.11786887717692741,-0.7093279990470385,22.75,0.0,0.01118235819792438,0.8906048609077756,-5.751352392985609,
757532719,ES,FOP,20250214,6160.0,P,CME,USD,EW2,12.0,0.1230795095700301,-0.7012013924446951,23.0,0.0,0.010846055284326127,0.9020073697862909,-6.001352392985609,
757532719,ES,FOP,20250214,6160.0,P,CME,USD,EW2,13.0,0.11465121072823663,-0.7174663384245072,22.46593931521238,0.0,0.01134091862507657,0.8906739703388666,-5.215939315212381,
757532839,ES,FOP,20250214,6160.0,C,CME,USD,EW2,10.0,0.11445426440019238,0.28493032817612535,5.199999809265137,0.0,0.011409419071566623,0.8823644977188333,-5.199999809265137,
757532839,ES,FOP,20250214,6160.0,C,CME,USD,EW2,11.0,0.11672400203277637,0.2887249673978201,5.400000095367432,0.0,0.011257921779482904,0.8879140157748573,-5.400000095367432,
757532839,ES,FOP,20250214,6160.0,C,CME,USD,EW2,12.0,0.11572596077567139,0.2870717356091191,5.599999904632568,0.0,0.011324265183797031,0.8855097368604188,-5.599999904632568,
757532839,ES,FOP,20250214,6160.0,C,CME,USD,EW2,13.0,0.11465121072823663,0.28245463895095846,5.217302455485196,0.0,0.01134091862507657,0.8906739703395488,-5.217302455485196,
759513561,ES,FOP,20250214,6165.0,P,CME,USD,EW2,10.0,0.10557484864109391,-0.7874982121464882,25.5,0.0,0.010572149194809068,0.7541821787223728,-3.5017501556285424,
759513561,ES,FOP,20250214,6165.0,P,CME,USD,EW2,11.0,0.1153156718659319,-0.7673004531514965,26.25,0.0,0.010193762752518742,0.7942831883586419,-4.251750155628542,
759513561,ES,FOP,20250214,6165.0,P,CME,USD,EW2,12.0,0.1100881318633666,-0.7778275003708576,25.5,0.0,0.010402812428852791,0.7738268327872575,-3.5017501556285424,
759513561,ES,FOP,20250214,6165.0,P,CME,USD,EW2,13.0,0.11270515316606165,-0.7749997136216682,26.045176481340604,0.0,0.01023339945044844,0.7980514317241614,-3.7951764813406044,
759513848,ES,FOP,20250214,6165.0,C,CME,USD,EW2,10.0,0.11210213423749917,0.22623169350034558,3.75,0.0,0.01032359855104622,0.7819833461045214,-3.75,
759513848,ES,FOP,20250214,6165.0,C,CME,USD,EW2,11.0,0.11402294232160567,0.23008137197599518,3.9000000953674316,0.0,0.010246436851509227,0.7894372711114496,-3.9000000953674316,
759513848,ES,FOP,20250214,6165.0,C,CME,USD,EW2,12.0,0.10891529502796639,0.21963333671421936,3.700000047683716,0.0,0.01044800608052348,0.7689087515699651,-3.700000047683716,
759513848,ES,FOP,20250214,6165.0,C,CME,USD,EW2,13.0,0.11270515316606165,0.22492126375379742,3.796934734735487,0.0,0.01023339945044844,0.7980514317241614,-3.796934734735487,
757532810,ES,FOP,20250214,6170.0,C,CME,USD,EW2,10.0,0.10969777720423363,0.17296153715692442,2.5999999046325684,0.0,0.008972620755004088,0.6650735167053747,-2.5999999046325684,
757532810,ES,FOP,20250214,6170.0,C,CME,USD,EW2,11.0,0.11195061636189788,0.17788194446314448,2.75,0.0,0.00894979976696269,0.6770056966702122,-2.75,
757532810,ES,FOP,20250214,6170.0,C,CME,USD,EW2,12.0,0.10338955535457932,0.15858166981011762,2.5,0.0,0.00900048443881039,0.6287747135315447,-2.5,
757532810,ES,FOP,20250214,6170.0,C,CME,USD,EW2,13.0,0.11108833974068072,0.17382095944415737,2.69226701738512,0.0,0.008887207744735285,0.6922751334441273,-2.69226701738512,
757533283,ES,FOP,20250214,6170.0,P,CME,USD,EW2,10.0,0.10430047307882145,-0.839207079455102,29.25,0.0,0.009000177844331965,0.6342929503257166,-2.2521479182714756,
757533283,ES,FOP,20250214,6170.0,P,CME,USD,EW2,11.0,0.11565177829126069,-0.8141958732549422,30.25,0.0,0.008900386365876452,0.6955265133039386,-3.2521479182714756,
757533283,ES,FOP,20250214,6170.0,P,CME,USD,EW2,12.0,0.2498334473972256,,,0.0,,,,
757533283,ES,FOP,20250214,6170.0,P,CME,USD,EW2,13.0,0.11108833974068072,-0.8261000179313083,29.940113650866806,0.0,0.008887207744735285,0.6922751334432178,-2.690113650866806,
747767522,ES,FOP,20250214,6175.0,C,CME,USD,EW2,10.0,0.10774729393122087,0.127699658173192,1.75,0.0,0.007459871654278588,0.5431130551702836,-1.75,
747767522,ES,FOP,20250214,6175.0,C,CME,USD,EW2,11.0,0.10958627697983206,0.13174700571870573,1.899999976158142,0.0,0.007494907702363933,0.5549769895748219,-1.899999976158142,
747767522,ES,FOP,20250214,6175.0,C,CME,USD,EW2,12.0,0.10773139741691512,0.1276644585559274,1.899999976158142,0.0,0.007459542788734969,0.5430089875029018,-1.899999976158142,
747767522,ES,FOP,20250214,6175.0,C,CME,USD,EW2,13.0,0.10958541853141969,0.1299199350646207,1.849952923730939,0.0,0.00742205868115166,0.5800555703708596,-1.849952923730939,
747767614,ES,FOP,20250214,6175.0,P,CME,USD,EW2,10.0,0.09786877134531002,-0.8947379075276094,33.5,0.0,0.0071564065353708906,0.47325112486192616,-1.5025456809144089,
747767614,ES,FOP,20250214,6175.0,P,CME,USD,EW2,11.0,0.11231851945661334,-0.8622527957701372,34.25,0.0,0.007536546036592179,0.5719739392305422,-2.252545680914409,
747767614,ES,FOP,20250214,6175.0,P,CME,USD,EW2,12.0,0.5561860089133898,,,0.0,,,,
747767614,ES,FOP,20250214,6175.0,P,CME,USD,EW2,13.0,0.10958541853141969,-0.870001042310845,34.09740444408999,0.0,0.00742205868115166,0.5800555703708596,-1.8474044440899888,
757532646,ES,FOP,20250214,6180.0,P,CME,USD,EW2,10.0,0.09597402351247375,-0.9300379287017129,37.75,0.0,0.0053749302668794335,0.34856120743637564,-0.7529434435573421,
757532646,ES,FOP,20250214,6180.0,P,CME,USD,EW2,11.0,0.11418788104049979,-0.8925120167977159,38.75,0.0,0.006227122957494654,0.4804630237577945,-1.752943443557342,
757532646,ES,FOP,20250214,6180.0,P,CME,USD,EW2,12.0,0.10949834000606447,-0.9020450259777837,38.0,0.0,0.006069551769927193,0.4490727167613958,-1.002943443557342,
757532646,ES,FOP,20250214,6180.0,P,CME,USD,EW2,13.0,0.10811956335301336,-0.9063341428172258,38.473682391067086,0.0,0.00594689330724333,0.4682757188538744,-1.2236823910670864,
759513619,ES,FOP,20250214,6185.0,P,CME,USD,EW2,10.0,0.08567856772316905,-0.9689279893137979,42.25,0.0,0.003138444446503558,0.1817081917455046,-0.5033213180677194,
759513619,ES,FOP,20250214,6185.0,P,CME,USD,EW2,11.0,0.11298168347384406,-0.921293547128981,43.25,0.0,0.004995857187298413,0.38142215869032714,-1.5033213180677194,
759513619,ES,FOP,20250214,6185.0,P,CME,USD,EW2,12.0,0.47778946204298517,,,0.0,,,,
759513619,ES,FOP,20250214,6185.0,P,CME,USD,EW2,13.0,0.10675543706513262,-0.9350211863014872,43.031455143781386,0.0,0.004563007106472365,0.36386871359991346,-0.7814551437813861,
759513842,ES,FOP,20250214,6185.0,C,CME,USD,EW2,10.0,0.10568625768974567,0.06407782009553313,0.75,0.0,0.004564316559359702,0.32594685310786725,-0.75,
759513842,ES,FOP,20250214,6185.0,C,CME,USD,EW2,11.0,0.10869560992811725,0.06954749785814125,0.800000011920929,0.0,0.004728332237173643,0.3472741873268981,-0.800000011920929,
759513842,ES,FOP,20250214,6185.0,C,CME,USD,EW2,12.0,0.10557138070434653,0.06386988869781088,0.75,0.0,0.004557749471626072,0.3251241021993308,-0.75,
759513842,ES,FOP,20250214,6185.0,C,CME,USD,EW2,13.0,0.10675543706513262,0.06489979107397846,0.7847938496673805,0.0,0.004563007106472365,0.3638687135997998,-0.7847938496673805,
757532789,ES,FOP,20250214,6190.0,P,CME,USD,EW2,10.0,0.05799608631056143,-0.9989675315910141,47.0,0.0,0.00021365789405747448,0.008372788984009769,-0.0037389688432085677,
757532789,ES,FOP,20250214,6190.0,P,CME,USD,EW2,11.0,0.11542946000890286,-0.9403090367565964,48.0,0.0,0.003949885001547257,0.30807299498454094,-1.0037389688432086,
757532789,ES,FOP,20250214,6190.0,P,CME,USD,EW2,12.0,0.23882075859333005,,,0.0,,,,
757532789,ES,FOP,20250214,6190.0,P,CME,USD,EW2,13.0,0.10578163210775963,-0.9556950044924379,47.493038689998684,0.0,0.0034053614944040155,0.27610702805486653,-0.4930386899986843,
757532902,ES,FOP,20250214,6190.0,C,CME,USD,EW2,10.0,0.10365258837742902,0.04131846954431953,0.44999998807907104,0.0,0.003283547050522768,0.22997250214638243,-0.44999998807907104,
757532902,ES,FOP,20250214,6190.0,C,CME,USD,EW2,11.0,0.10776135877562813,0.047534595104908046,0.550000011920929,0.0,0.003535988606519286,0.2574698801673658,-0.550000011920929,
757532902,ES,FOP,20250214,6190.0,C,CME,USD,EW2,12.0,0.10816530348272917,0.04815696242246726,0.550000011920929,0.0,0.003559662112167574,0.2601652359200835,-0.550000011920929,
757532902,ES,FOP,20250214,6190.0,C,CME,USD,EW2,13.0,0.10563130093021274,0.044226056818344905,0.4967488083907483,0.0,0.0034053614944040155,0.2761070280548097,-0.4967488083907483,
759513538,ES,FOP,20250214,6195.0,P,CME,USD,EW2,10.0,0.0641072989429943,-0.9989229584758468,52.0,0.0,0.00020156776866140006,0.008732054352421999,-0.0365267720005958,
759513538,ES,FOP,20250214,6195.0,P,CME,USD,EW2,11.0,0.12450578480221276,-0.943961200908989,52.75,0.0,0.0034842204962078705,0.2931453600054302,-1.0041168433535859,
759513538,ES,FOP,20250214,6195.0,P,CME,USD,EW2,12.0,0.25900287922448045,-0.7762874306591192,60.75,0.0,0.004438935077077812,0.7769109601602646,-9.004116843353586,
759513538,ES,FOP,20250214,6195.0,P,CME,USD,EW2,13.0,0.1054077760027722,-0.970430244047838,52.30749802260107,0.0,0.002449141534620586,0.20424702421496477,-0.3074980226010666,
759513578,ES,FOP,20250214,6195.0,C,CME,USD,EW2,10.0,0.10473447197840474,0.02933777264383081,0.30000001192092896,0.0,0.0024532601219623834,0.1736285386546796,-0.30000001192092896,
759513578,ES,FOP,20250214,6195.0,C,CME,USD,EW2,11.0,0.11010254094479581,0.03607104859039711,0.4000000059604645,0.0,0.0027672380854848835,0.2058883300390344,-0.4000000059604645,
759513578,ES,FOP,20250214,6195.0,C,CME,USD,EW2,12.0,0.10256272792311272,0.026757502444592914,0.30000001192092896,0.0,0.0023203219975081787,0.16081467742805242,-0.30000001192092896,
759513578,ES,FOP,20250214,6195.0,C,CME,USD,EW2,13.0,0.1054077760027722,0.029490817262944877,0.31160283444003767,0.0,0.002449141534620586,0.20424702421533425,-0.31160283444003767,
747767505,ES,FOP,20250214,6200.0,C,CME,USD,EW2,10.0,0.10601573799441955,0.020301924115924744,0.20000000298023224,0.0,0.0017793362335896692,0.12747241878275797,-0.20000000298023224,
747767505,ES,FOP,20250214,6200.0,C,CME,USD,EW2,11.0,0.113018384713191,0.027403562265549197,0.30000001192092896,0.0,0.0021480048820994206,0.1640484846866463,-0.30000001192092896,
747767505,ES,FOP,20250214,6200.0,C,CME,USD,EW2,12.0,0.10783176935193324,0.022057634908983773,0.25,0.0,0.0018765199127403123,0.13673754295102158,-0.25,
747767505,ES,FOP,20250214,6200.0,C,CME,USD,EW2,13.0,0.1062190296934005,0.02001522566267454,0.20254915203307178,0.0,0.0017553563630620778,0.15175644958287648,-0.20254915203307178,
747767554,ES,FOP,20250214,6200.0,P,CME,USD,EW2,10.0,,,56.75,0.0,,,,
747767554,ES,FOP,20250214,6200.0,P,CME,USD,EW2,11.0,0.13386810958621162,-0.9473578029084604,57.75,0.0,0.003083898726701707,0.27897488119467423,-1.004514605996519,
747767554,ES,FOP,20250214,6200.0,P,CME,USD,EW2,12.0,0.610911781540649,,,0.0,,,,
747767554,ES,FOP,20250214,6200.0,P,CME,USD,EW2,13.0,0.1062190296934005,-0.9799058356481083,57.198049646748586,0.0,0.0017553563630620778,0.15175644958253542,-0.19804964674858638,
759513682,ES,FOP,20250214,6205.0,C,CME,USD,EW2,10.0,0.10339628639154988,0.010886498301456887,0.10000000149011612,0.0,0.001068388375836038,0.07456325834673878,-0.10000000149011612,
759513682,ES,FOP,20250214,6205.0,C,CME,USD,EW2,11.0,0.11775228658729904,0.022003336077958038,0.25,0.0,0.0017158349059240821,0.1363752723512045,-0.25,
759513682,ES,FOP,20250214,6205.0,C,CME,USD,EW2,12.0,0.1067824501077375,0.013161551041193086,0.15000000596046448,0.0,0.0012195836643279757,0.08790270973541298,-0.15000000596046448,
759513682,ES,FOP,20250214,6205.0,C,CME,USD,EW2,13.0,0.10810642765123751,0.014125287137478706,0.13952024142281516,0.0,0.0012801811893764635,0.11534316447941251,-0.13952024142281516,
759513982,ES,FOP,20250214,6205.0,P,CME,USD,EW2,10.0,,,61.75,0.0,,,,
759513982,ES,FOP,20250214,6205.0,P,CME,USD,EW2,11.0,0.14310929696543548,-0.9510800519009491,62.5,0.0,0.002722414157867192,0.2629740082151511,-0.5049270159033767,
759513982,ES,FOP,20250214,6205.0,P,CME,USD,EW2,12.0,0.9650001646023846,,,0.0,,,,
759513982,ES,FOP,20250214,6205.0,P,CME,USD,EW2,13.0,0.10810642765123751,-0.9857957741733041,62.13462604269262,0.0,0.0012801811893764635,0.1153431644788725,-0.13462604269261647,
757532664,ES,FOP,20250214,6210.0,P,CME,USD,EW2,10.0,,,66.75,0.0,,,,
757532664,ES,FOP,20250214,6210.0,P,CME,USD,EW2,11.0,0.14119003757871246,-0.9650574976659992,67.5,0.0,0.002099705837647969,0.2001028584381131,-0.5053243558950271,
757532664,ES,FOP,20250214,6210.0,P,CME,USD,EW2,12.0,0.26201509984566757,,,0.0,,,,
757532664,ES,FOP,20250214,6210.0,P,CME,USD,EW2,13.0,0.11101568734737731,-0.9894132548308407,67.09782261262262,0.0,0.0009646914631517071,0.09082190987101058,-0.09782261262262182,
757533070,ES,FOP,20250214,6210.0,C,CME,USD,EW2,10.0,0.1105808866790449,0.010247018393717904,0.10000000149011612,0.0,0.0009476531712487383,0.07073270570331432,-0.10000000149011612,
757533070,ES,FOP,20250214,6210.0,C,CME,USD,EW2,11.0,0.12155988311058302,0.017538937302686953,0.20000000298023224,0.0,0.00137099909754067,0.11249111610280599,-0.20000000298023224,
757533070,ES,FOP,20250214,6210.0,C,CME,USD,EW2,12.0,0.11276820483599477,0.011538957104881236,0.15000000596046448,0.0,0.001030442023595277,0.07843339461325674,-0.15000000596046448,
757533070,ES,FOP,20250214,6210.0,C,CME,USD,EW2,13.0,0.11101568734737731,0.01050780647994201,0.1031115048002107,0.0,0.0009646914631517071,0.09082190987045635,-0.1031115048002107,
759513833,ES,FOP,20250214,6215.0,C,CME,USD,EW2,10.0,0.10842053223750502,0.005559176660845814,0.05000000074505806,0.0,0.0005640934467613702,0.041281300669491164,-0.05000000074505806,
759513833,ES,FOP,20250214,6215.0,C,CME,USD,EW2,11.0,0.12412295835715118,0.013306485513925327,0.15000000596046448,0.0,0.0010591768913017976,0.08873835997455068,-0.15000000596046448,
759513833,ES,FOP,20250214,6215.0,C,CME,USD,EW2,12.0,0.11378672021244778,,,0.0,,,,
759513833,ES,FOP,20250214,6215.0,C,CME,USD,EW2,13.0,0.11482787301003528,0.00827330989206806,0.08187220916094162,0.0,0.0007566308065445866,0.0744774289768273,-0.08187220916094162,
759513868,ES,FOP,20250214,6215.0,P,CME,USD,EW2,10.0,,,72.0,0.0,,,,
759513868,ES,FOP,20250214,6215.0,P,CME,USD,EW2,11.0,0.14976361509260466,-0.9672559609201653,72.75,0.0,0.0018762832837680282,0.1896531925012555,-0.505741562887124,
759513868,ES,FOP,20250214,6215.0,P,CME,USD,EW2,12.0,0.29602568244837213,-0.8231590881281114,79.5,0.0,0.0033730761510042096,0.673924073983203,-7.255741562887124,
759513868,ES,FOP,20250214,6215.0,P,CME,USD,EW2,13.0,0.11482787301003528,-0.9916477514187148,72.07618862353775,0.0,0.0007566308065445866,0.07447742897693388,-0.07618862353774603,
757532754,ES,FOP,20250214,6220.0,C,CME,USD,EW2,10.0,0.1150428635599301,0.005141254767818678,0.05000000074505806,0.0,0.0004959525327641986,0.038508378279006175,-0.05000000074505806,
757532754,ES,FOP,20250214,6220.0,C,CME,USD,EW2,11.0,0.13149045772134826,0.012398658981501453,0.15000000596046448,0.0,0.0009405896070372448,0.08347373503890966,-0.15000000596046448,
757532754,ES,FOP,20250214,6220.0,C,CME,USD,EW2,12.0,0.12066753447020517,,,0.0,,,,
757532754,ES,FOP,20250214,6220.0,C,CME,USD,EW2,13.0,0.1193841750704743,0.006865585198949144,0.06931000616577876,0.0,0.0006175060030472616,0.06350892993080492,-0.06931000616577876,
757533057,ES,FOP,20250214,6220.0,P,CME,USD,EW2,10.0,,,77.0,0.0,,,,
757533057,ES,FOP,20250214,6220.0,P,CME,USD,EW2,11.0,0.1582563575317817,-0.9687525842790515,77.75,0.0,0.0017081284466763502,0.18244716720479445,-0.5061389028787744,
757533057,ES,FOP,20250214,6220.0,P,CME,USD,EW2,12.0,0.20936409197564487,-0.9202099743965229,78.75,0.0,0.0027257328682774576,0.3851597734894001,-1.5061389028787744,
757533057,ES,FOP,20250214,6220.0,P,CME,USD,EW2,13.0,0.1193841750704743,-0.9930554761118336,77.06323172709654,0.0,0.0006175060030472616,0.06350892993032176,-0.0632317270965359,
747767097,ES,FOP,20250214,6225.0,P,CME,USD,EW2,10.0,,,82.0,0.0,,,,
747767097,ES,FOP,20250214,6225.0,P,CME,USD,EW2,11.0,0.16667463359416265,-0.9700977256081986,82.75,0.0,0.0015636537512864427,0.17589987617329503,-0.5065362428713343,
747767097,ES,FOP,20250214,6225.0,P,CME,USD,EW2,12.0,0.07795043211259858,-0.9998929778706074,81.25,0.0,5.78937822098675e-06,0.0003045831568507269,0.008192938965513437,
747767097,ES,FOP,20250214,6225.0,P,CME,USD,EW2,13.0,0.12451221428190962,-0.9939708685639069,82.0552973069016,0.0,0.0005216494793800943,0.05598489561089082,-0.0552973069015934,
747767268,ES,FOP,20250214,6225.0,C,CME,USD,EW2,10.0,0.12162117591631935,0.004892606058639709,0.05000000074505806,0.0,0.0004488654877764553,0.03684519391299101,-0.05000000074505806,
747767268,ES,FOP,20250214,6225.0,C,CME,USD,EW2,11.0,0.13179374025998408,0.00857384217132139,0.10000000149011612,0.0,0.0006803430890823424,0.06051711200256504,-0.10000000149011612,
747767268,ES,FOP,20250214,6225.0,C,CME,USD,EW2,12.0,0.11764729548568634,0.003784039041747831,0.05000000074505806,0.0,0.00036880364037295,0.029284147166428208,-0.05000000074505806,
747767268,ES,FOP,20250214,6225.0,C,CME,USD,EW2,13.0,0.12451221428190962,0.005950192746875901,0.06177027941658508,0.0,0.0005216494793800943,0.055984895610862395,-0.06177027941658508,
757533130,ES,FOP,20250214,6230.0,C,CME,USD,EW2,10.0,,,,0.0,,,,
757533130,ES,FOP,20250214,6230.0,C,CME,USD,EW2,11.0,0.13876458310116596,0.008190563738807811,0.10000000149011612,0.0,0.0006207362265568644,0.0581354663505277,-0.10000000149011612,
757533130,ES,FOP,20250214,6230.0,C,CME,USD,EW2,12.0,0.13428246563667426,0.0065577088068246095,0.10000000149011612,0.0,0.0005272886063585236,0.0477884701568939,-0.10000000149011612,
757533130,ES,FOP,20250214,6230.0,C,CME,USD,EW2,13.0,0.13005010722043747,0.005329131117373863,0.057171291883285846,0.0,0.0004528638164457905,0.05064049296473172,-0.057171291883285846,
757533180,ES,FOP,20250214,6230.0,P,CME,USD,EW2,10.0,,,,0.0,,,,
757533180,ES,FOP,20250214,6230.0,P,CME,USD,EW2,11.0,,,,0.0,,,,
757533180,ES,FOP,20250214,6230.0,P,CME,USD,EW2,12.0,,,,0.0,,,,
757533180,ES,FOP,20250214,6230.0,P,CME,USD,EW2,13.0,0.13005010722043747,-0.994591930193409,87.05030362592242,0.0,0.0004528638164457905,0.050640492963793804,-0.050303625922424544,
759513530,ES,FOP,20250214,6235.0,C,CME,USD,EW2,10.0,0.13465706093199534,0.00446701307720399,0.05000000074505806,0.0,0.00037379610495842647,0.03397186083803938,-0.05000000074505806,
759513530,ES,FOP,20250214,6235.0,C,CME,USD,EW2,11.0,0.14569086764048772,0.007843589180257255,0.10000000149011612,0.0,0.0005691497229676602,0.05596471443228469,-0.10000000149011612,
759513530,ES,FOP,20250214,6235.0,C,CME,USD,EW2,12.0,0.13033313254134982,,,0.0,,,,
759513530,ES,FOP,20250214,6235.0,C,CME,USD,EW2,13.0,0.1358606484524534,0.004885252694778694,0.05429987712888362,0.0,0.000401199589793229,0.04667032396188375,-0.05429987712888362,
759514063,ES,FOP,20250214,6235.0,P,CME,USD,EW2,10.0,,,,0.0,,,,
759514063,ES,FOP,20250214,6235.0,P,CME,USD,EW2,11.0,,,,0.0,,,,
759514063,ES,FOP,20250214,6235.0,P,CME,USD,EW2,12.0,0.7715734326122802,,,0.0,,,,
759514063,ES,FOP,20250214,6235.0,P,CME,USD,EW2,13.0,0.1358606484524534,-0.9950358086160042,92.04703751772104,0.0,0.000401199589793229,0.04667032396173454,-0.04703751772103715,
757532709,ES,FOP,20250214,6240.0,P,CME,USD,EW2,10.0,,,,0.0,,,,
757532709,ES,FOP,20250214,6240.0,P,CME,USD,EW2,11.0,,,,0.0,,,,
757532709,ES,FOP,20250214,6240.0,P,CME,USD,EW2,12.0,,,,0.0,,,,
757532709,ES,FOP,20250214,6240.0,P,CME,USD,EW2,13.0,0.14183367019401102,-0.9954290397900795,97.29409588016642,0.0,0.0003562597870663307,0.0430782041294151,-0.04409588016642374,
757532739,ES,FOP,20250214,6240.0,C,CME,USD,EW2,10.0,,,,0.0,,,,
757532739,ES,FOP,20250214,6240.0,C,CME,USD,EW2,11.0,0.15300579196667904,0.007671530199231519,0.10000000149011612,0.0,0.0005314640938990758,0.05488292299991103,-0.10000000149011612,
757532739,ES,FOP,20250214,6240.0,C,CME,USD,EW2,12.0,0.13662183846400539,,,0.0,,,,
757532739,ES,FOP,20250214,6240.0,C,CME,USD,EW2,13.0,0.14204611201006792,0.004492105456027813,0.051764504983651705,0.0,0.0003562597870663307,0.043078204129002984,-0.051764504983651705,
759513573,ES,FOP,20250214,6245.0,P,CME,USD,EW2,10.0,,,,0.0,,,,
759513573,ES,FOP,20250214,6245.0,P,CME,USD,EW2,11.0,,,,0.0,,,,
759513573,ES,FOP,20250214,6245.0,P,CME,USD,EW2,12.0,,,,0.0,,,,
759513573,ES,FOP,20250214,6245.0,P,CME,USD,EW2,13.0,0.14807232516675892,-0.995702163880799,102.29232248437529,0.0,0.0003231288918762752,0.04051300232640642,-0.042322484375290514,
759513939,ES,FOP,20250214,6245.0,C,CME,USD,EW2,10.0,,,,0.0,,,,
759513939,ES,FOP,20250214,6245.0,C,CME,USD,EW2,11.0,0.15985245821504723,0.007373344898268333,0.10000000149011612,0.0,0.0004912434370517756,0.05299946847391115,-0.10000000149011612,
759513939,ES,FOP,20250214,6245.0,C,CME,USD,EW2,12.0,0.14287661164966978,,,0.0,,,,
759513939,ES,FOP,20250214,6245.0,C,CME,USD,EW2,13.0,0.14807232516675892,0.004218981365308186,0.050385382960669745,0.0,0.0003231288918762752,0.04051300232698196,-0.050385382960669745,
747767210,ES,FOP,20250214,6250.0,P,CME,USD,EW2,10.0,,,104.0,0.0,,,,
747767210,ES,FOP,20250214,6250.0,P,CME,USD,EW2,11.0,0.2974487902699483,-0.9145261453683227,110.25,0.0,0.002020652854618366,0.4056573500274951,-3.0085229428323146,
747767210,ES,FOP,20250214,6250.0,P,CME,USD,EW2,12.0,0.9846420267861301,,,0.0,,,,
747767210,ES,FOP,20250214,6250.0,P,CME,USD,EW2,13.0,0.15410649771649085,-0.9959377698302214,107.29079200634806,0.0,0.00029491306119858575,0.03828067137419566,-0.04079200634805602,
